ID;Name;Surname;Birthday;class_ID
bacf0ba9-7681-49e4-bcd9-4498a2c5d896;Name933;Surname3466;2023-05-25T01:31:41+0100;4aab6d29-9d2b-4c47-be75-a1c62dd070a6
3511b821-5f85-4795-a6a8-27de6c6789cb;Name9652;Surname2697;2023-05-25T01:31:42+0100;16e7ab88-ca61-4a9f-a114-7552619eaad6
20d6a194-2b3e-4be6-a4f1-3d50ba3c0dec;Name4341;Surname628;2023-05-25T01:31:43+0100;16e7ab88-ca61-4a9f-a114-7552619eaad6
3939cc18-31a2-4435-addb-5dc311c57cbd;Name5607;Surname3116;2023-05-25T01:31:43+0100;16e7ab88-ca61-4a9f-a114-7552619eaad6
4e29d01f-0da6-472d-af2c-20fdfd4fa168;Name9843;Surname8245;2023-05-25T01:31:44+0100;e90c74cf-5866-46ff-8f82-62a4ee90c41d
beaa9c8c-e2de-485e-ac06-bce336c1afc0;Name5453;Surname6154;2023-05-25T01:31:44+0100;16e7ab88-ca61-4a9f-a114-7552619eaad6
3dcad28e-425a-4d2c-b4df-14a9112b81a5;Name5808;Surname3533;2023-05-25T01:31:44+0100;16e7ab88-ca61-4a9f-a114-7552619eaad6
2dfa8c8a-ace8-46dd-96e1-27eb4c0667d8;Name5036;Surname9010;2023-05-25T01:31:45+0100;16e7ab88-ca61-4a9f-a114-7552619eaad6
923f534f-30fa-4c20-ac08-61b4b5f74129;Name2747;Surname6278;2023-05-25T01:31:45+0100;16e7ab88-ca61-4a9f-a114-7552619eaad6
1d00c7d7-1da6-4542-a470-7a606504b6f2;Name9887;Surname1204;2023-05-25T01:31:45+0100;4aab6d29-9d2b-4c47-be75-a1c62dd070a6
3258cfea-42e2-4e06-ae11-0ee301ccd318;Name4002;Surname9403;2023-05-25T01:31:45+0100;e90c74cf-5866-46ff-8f82-62a4ee90c41d
1c5f8183-2bd8-47d6-86d4-53b69a392321;Name2744;Surname7105;2023-05-25T01:31:45+0100;e90c74cf-5866-46ff-8f82-62a4ee90c41d
84cd599b-cb11-4513-b026-0449144d57f1;Name457;Surname5736;2023-05-25T01:31:46+0100;16e7ab88-ca61-4a9f-a114-7552619eaad6
30c3ab58-28d4-4ff0-b149-c3ad183daa5d;Name7000;Surname7053;2023-05-25T01:31:46+0100;16e7ab88-ca61-4a9f-a114-7552619eaad6
55e175a9-be15-4335-861c-a59f8fbbb65d;Name3974;Surname3097;2023-05-25T01:31:46+0100;e90c74cf-5866-46ff-8f82-62a4ee90c41d
6517dc76-1f38-46ca-ab67-aaced4ec5d19;Name2228;Surname4458;2023-05-25T01:31:46+0100;16e7ab88-ca61-4a9f-a114-7552619eaad6
c096cc2b-6392-4644-bf41-65e80f937157;Name8626;Surname4834;2023-05-25T01:31:46+0100;16e7ab88-ca61-4a9f-a114-7552619eaad6
63ae2e7a-c68f-481c-ac84-a27cffef2441;Name8540;Surname5392;2023-05-25T01:31:47+0100;4aab6d29-9d2b-4c47-be75-a1c62dd070a6
a84dd8fa-5164-4601-b478-d9d61f6ed9ad;Name5590;Surname15;2023-05-25T01:31:47+0100;4aab6d29-9d2b-4c47-be75-a1c62dd070a6
c21e9c59-c926-410f-89fb-5fdb25335474;Name2511;Surname3247;2023-05-25T01:31:47+0100;4aab6d29-9d2b-4c47-be75-a1c62dd070a6
87ad3384-3a07-4a9d-9f16-0b207a36c1fb;Name9458;Surname3694;2023-05-25T01:31:47+0100;16e7ab88-ca61-4a9f-a114-7552619eaad6